File Name,Updated Date,Created Date,Path
Giovanoli - Chimp.als,2015-09-07 03:20:29,2015-09-07 03:20:29,/Users/blakenicholson/Dropbox/Ableton Projects/1_Unarranged Projects/Giovanoli - Chimp Project/Giovanoli - Chimp.als
Neuro - 4:28:2012.als,2017-02-13 20:18:37,2017-02-13 20:18:37,/Users/blakenicholson/Dropbox/Ableton Projects/1_Unarranged Projects/Neuro - 4:28:2012 Project/Neuro - 4:28:2012.als
virtuaXzeno - fly life.als,2015-04-14 21:08:18,2015-04-14 21:08:18,/Users/blakenicholson/Dropbox/Ableton Projects/1_Unarranged Projects/virtuaXzeno - fly life Project/virtuaXzeno - fly life.als
zeno - always 4ever.als,2017-05-04 12:30:09,2017-05-04 12:30:09,/Users/blakenicholson/Dropbox/Ableton Projects/1_Unarranged Projects/zeno - always 4ever Project/zeno - always 4ever.als
zeno - batch scrips.als,2018-01-06 00:07:50,2017-02-13 21:40:02,/Users/blakenicholson/Dropbox/Ableton Projects/1_Unarranged Projects/zeno - batch scrips Project/zeno - batch scrips.als
zeno - lifelike.als,2016-12-04 15:05:49,2016-12-04 15:05:49,/Users/blakenicholson/Dropbox/Ableton Projects/1_Unarranged Projects/zeno - batch scrips Project/zeno - lifelike.als
zeno - child of the web.als,2018-01-06 00:10:08,2016-09-08 20:10:26,/Users/blakenicholson/Dropbox/Ableton Projects/1_Unarranged Projects/zeno - child of the web Project/zeno - child of the web.als
zeno - cleaned caffeine.als,2018-02-17 11:33:15,2017-11-03 23:54:27,/Users/blakenicholson/Dropbox/Ableton Projects/1_Unarranged Projects/zeno - cleaned caffeine Project/zeno - cleaned caffeine.als
zeno - driver.als,2018-01-06 00:12:16,2017-02-19 00:55:33,/Users/blakenicholson/Dropbox/Ableton Projects/1_Unarranged Projects/zeno - driver Project/zeno - driver.als
zeno - falc0n.als,2018-01-06 00:15:27,2017-05-08 21:41:55,/Users/blakenicholson/Dropbox/Ableton Projects/1_Unarranged Projects/zeno - falc0n Project/zeno - falc0n.als
zeno - java.als,2017-03-11 09:27:36,2017-03-11 09:27:36,/Users/blakenicholson/Dropbox/Ableton Projects/1_Unarranged Projects/zeno - java Project/zeno - java.als
zeno - kx spring.als,2017-01-19 19:02:05,2017-01-19 19:02:05,/Users/blakenicholson/Dropbox/Ableton Projects/1_Unarranged Projects/zeno - kx spring Project/zeno - kx spring.als
zeno - peppermints.als,2017-12-15 20:05:41,2016-12-04 22:23:15,/Users/blakenicholson/Dropbox/Ableton Projects/1_Unarranged Projects/zeno - peppermints Project/zeno - peppermints.als
zeno - pillars.als,2016-03-21 01:11:16,2016-03-21 01:11:16,/Users/blakenicholson/Dropbox/Ableton Projects/1_Unarranged Projects/zeno - pillars Project/zeno - pillars.als
zeno - raw fight scene.als,2017-12-15 20:06:04,2016-04-29 19:18:43,/Users/blakenicholson/Dropbox/Ableton Projects/1_Unarranged Projects/zeno - raw fight scene Project/zeno - raw fight scene.als
zeno - rice rain refix.als,2017-12-15 20:07:31,2017-02-05 14:37:07,/Users/blakenicholson/Dropbox/Ableton Projects/1_Unarranged Projects/zeno - rice rain refix Project/zeno - rice rain refix.als
zeno - spatialReality.als,2018-02-17 12:04:29,2017-05-04 12:20:15,/Users/blakenicholson/Dropbox/Ableton Projects/1_Unarranged Projects/zeno - spatialReality Project/zeno - spatialReality.als
zeno - theBlur.als,2018-02-17 12:10:07,2017-11-17 09:23:07,/Users/blakenicholson/Dropbox/Ableton Projects/1_Unarranged Projects/zeno - theBlur Project/zeno - theBlur.als
zeno - uael.als,2017-01-15 00:57:49,2017-01-15 00:57:49,/Users/blakenicholson/Dropbox/Ableton Projects/1_Unarranged Projects/zeno - uael Project/zeno - uael.als
zeno - Witht.als,2018-02-18 13:11:58,2018-02-17 13:44:33,/Users/blakenicholson/Dropbox/Ableton Projects/1_Unarranged Projects/zeno - Witht Project/zeno - Witht.als
Zeno x BCE - April28.als,2015-06-14 19:55:38,2015-06-14 19:55:38,/Users/blakenicholson/Dropbox/Ableton Projects/1_Unarranged Projects/Zeno x BCE - April28 Project/Zeno x BCE - April28.als
Zenojim - BeastMode.als,2017-12-15 20:12:31,2016-12-04 22:36:58,/Users/blakenicholson/Dropbox/Ableton Projects/1_Unarranged Projects/Zenojim - BeastMode Project/Zenojim - BeastMode.als
Zenojim - DukeMarriot.als,2017-12-15 20:14:13,2016-12-04 22:46:55,/Users/blakenicholson/Dropbox/Ableton Projects/1_Unarranged Projects/Zenojim - DukeMarriot Project/Zenojim - DukeMarriot.als
Zenojim - FreeModes.als,2017-12-15 20:15:46,2016-12-04 22:28:32,/Users/blakenicholson/Dropbox/Ableton Projects/1_Unarranged Projects/Zenojim - FreeModes Project/Zenojim - FreeModes.als
zenojim - glassIsles.als,2018-01-06 00:27:13,2016-06-29 19:01:26,/Users/blakenicholson/Dropbox/Ableton Projects/1_Unarranged Projects/zenojim - glassIsles Project/zenojim - glassIsles.als
Zenojim - Gravity.als,2017-06-18 00:56:11,2017-06-18 00:56:11,/Users/blakenicholson/Dropbox/Ableton Projects/1_Unarranged Projects/Zenojim - Gravity Project/Zenojim - Gravity.als
Zenojim - Only That Real Shit Iamsu! Edit.als,2015-02-22 11:01:56,2015-02-22 11:01:56,/Users/blakenicholson/Dropbox/Ableton Projects/1_Unarranged Projects/Zenojim - Only That Real Shit Iamsu! Edit Project/Zenojim - Only That Real Shit Iamsu! Edit.als
zeno - focus:precision.als,2017-12-23 16:41:09,2017-07-16 12:55:16,/Users/blakenicholson/Dropbox/Ableton Projects/3_Unfinished Arranged Projects/zeno - focus:precision Project/zeno - focus:precision.als
Jrapp - EarlyBody (Zenojim Getotech Remission).als,2016-05-01 14:13:32,2014-09-29 21:17:10,/Users/blakenicholson/Dropbox/Ableton Projects/4_Finished Projects/Jrapp - EarlyBodyZenojimRmx Project/Jrapp - EarlyBody (Zenojim Getotech Remission).als
Jrapp - EarlyBodyZenojimRmx.als,2014-08-26 18:30:11,2014-08-26 18:30:11,/Users/blakenicholson/Dropbox/Ableton Projects/4_Finished Projects/Jrapp - EarlyBodyZenojimRmx Project/Jrapp - EarlyBodyZenojimRmx.als
Jrapp - EarlyBodyZenojimRmxVer2.als,2014-09-02 20:16:07,2014-09-02 20:16:07,/Users/blakenicholson/Dropbox/Ableton Projects/4_Finished Projects/Jrapp - EarlyBodyZenojimRmx Project/Jrapp - EarlyBodyZenojimRmxVer2.als
Jrapp - EarlyBodyZenojimRmxVer3.als,2015-04-13 02:16:06,2014-09-15 20:50:34,/Users/blakenicholson/Dropbox/Ableton Projects/4_Finished Projects/Jrapp - EarlyBodyZenojimRmx Project/Jrapp - EarlyBodyZenojimRmxVer3.als
Jrapp - EarlyBodyZenojimRmxVer4.als,2015-05-07 21:32:47,2015-04-13 02:30:37,/Users/blakenicholson/Dropbox/Ableton Projects/4_Finished Projects/Jrapp - EarlyBodyZenojimRmx Project/Jrapp - EarlyBodyZenojimRmxVer4.als
Jrapp - EarlyBodyZenojimRmxVer5.als,2017-09-30 22:45:08,2015-05-07 21:56:10,/Users/blakenicholson/Dropbox/Ableton Projects/4_Finished Projects/Jrapp - EarlyBodyZenojimRmx Project/Jrapp - EarlyBodyZenojimRmxVer5.als
Jrapp - EarlyBodyZenojimRmxVer2.als,2018-02-04 08:40:46,2014-09-03 11:34:33,/Users/blakenicholson/Dropbox/Ableton Projects/4_Finished Projects/Jrapp - EarlyBodyZenojimRmxVer2 Project/Jrapp - EarlyBodyZenojimRmxVer2.als
On my way - Mach 1 Splice.als,2014-10-19 21:44:51,2014-10-19 21:44:50,/Users/blakenicholson/Dropbox/Ableton Projects/4_Finished Projects/On my way - Mach 1 Splice Project/On my way - Mach 1 Splice.als
On my way - Mach 1 Splice.final.als,2014-12-06 12:48:48,2014-10-26 21:46:52,/Users/blakenicholson/Dropbox/Ableton Projects/4_Finished Projects/On my way - Mach 1 Splice Project/On my way - Mach 1 Splice.final.als
Doss - The Way I Feel (Life Sim Remix)(Zenojim 1hundred ReEdit).als,2015-04-12 12:26:47,2014-10-26 17:33:25,/Users/blakenicholson/Dropbox/Ableton Projects/4_Finished Projects/RELEASED/Life Sim - Caladhort (Warlord Edit)(Zenojim 1hundred ReEdit) Project/Doss - The Way I Feel (Life Sim Remix)(Zenojim 1hundred ReEdit).als
Life Sim - Caladhort (Warlord Edit)(Zenojim 1hundred ReEdit).als,2017-09-09 13:39:19,2014-10-25 22:48:43,/Users/blakenicholson/Dropbox/Ableton Projects/4_Finished Projects/RELEASED/Life Sim - Caladhort (Warlord Edit)(Zenojim 1hundred ReEdit) Project/Life Sim - Caladhort (Warlord Edit)(Zenojim 1hundred ReEdit).als
blake n nav.als,2016-12-12 18:55:51,2015-10-04 16:57:00,/Users/blakenicholson/Dropbox/Ableton Projects/4_Finished Projects/Rihanna - Disturbia Edit Project/blake n nav.als
A.G. Cook - Beautiful (Zenojim 1hundedEdit).als,2018-02-04 09:19:14,2014-10-12 22:46:51,/Users/blakenicholson/Dropbox/Ableton Projects/4_Finished Projects/UNRELEASED/A.G. Cook - Beautiful (Zenojim 1hundedEdit) Project/A.G. Cook - Beautiful (Zenojim 1hundedEdit).als
Lars Warn - Keppan (Zenojim Remix).als,2014-08-23 11:07:30,2014-08-23 11:07:30,/Users/blakenicholson/Dropbox/Ableton Projects/4_Finished Projects/UNRELEASED/Lars Warn - Keppan (Zenojim Remix) Project/Lars Warn - Keppan (Zenojim Remix).als
Lars Warn - Keppan (Zenojim Remix).v2.als,2015-04-12 12:25:12,2015-04-12 12:19:53,/Users/blakenicholson/Dropbox/Ableton Projects/4_Finished Projects/UNRELEASED/Lars Warn - Keppan (Zenojim Remix) Project/Lars Warn - Keppan (Zenojim Remix).v2.als
Lars Warn - Keppan (Zenojim Remix).v3.als,2018-01-12 22:39:40,2018-01-12 22:37:49,/Users/blakenicholson/Dropbox/Ableton Projects/4_Finished Projects/UNRELEASED/Lars Warn - Keppan (Zenojim Remix) Project/Lars Warn - Keppan (Zenojim Remix).v3.als
Lars Warn - Keppan (Zenojim Remix)[Bounced].als,2017-02-13 20:42:52,2014-09-02 20:17:08,/Users/blakenicholson/Dropbox/Ableton Projects/4_Finished Projects/UNRELEASED/Lars Warn - Keppan (Zenojim Remix) Project/Lars Warn - Keppan (Zenojim Remix)[Bounced].als
Lars Warn - Keppan (Zenojim Remix)[Bounced]able9.als,2015-09-06 12:12:39,2014-09-04 22:25:57,/Users/blakenicholson/Dropbox/Ableton Projects/4_Finished Projects/UNRELEASED/Lars Warn - Keppan (Zenojim Remix) Project/Lars Warn - Keppan (Zenojim Remix)[Bounced]able9.als
Lars Warn - Keppan Zenojim Remix Final.als,2014-10-12 09:24:07,2014-09-18 20:18:24,/Users/blakenicholson/Dropbox/Ableton Projects/4_Finished Projects/UNRELEASED/Lars Warn - Keppan Zenojim Remix Final Project/Lars Warn - Keppan Zenojim Remix Final.als
Neuro - neuromansah6.als,2018-02-04 09:25:11,2015-02-22 01:29:48,/Users/blakenicholson/Dropbox/Ableton Projects/4_Finished Projects/UNRELEASED/Neuro - neuromansah6 Project/Neuro - neuromansah6.als
Zenojim - Nasst.als,2017-02-13 20:53:21,2014-10-19 15:17:50,/Users/blakenicholson/Dropbox/Ableton Projects/4_Finished Projects/UNRELEASED/OMW - Speedrun/Zenojim - Nasst.als
zeno - dashitUh.als,2016-12-12 01:16:16,2015-10-10 13:32:43,/Users/blakenicholson/Dropbox/Ableton Projects/4_Finished Projects/UNRELEASED/zeno - dashitUh Project/zeno - dashitUh.als
zeno - DifEQ.als,2016-05-25 18:21:26,2015-08-31 19:14:08,/Users/blakenicholson/Dropbox/Ableton Projects/4_Finished Projects/UNRELEASED/zeno - DifEQ Project/zeno - DifEQ.als
zeno - freq a leq.als,2016-03-04 17:23:24,2015-06-06 19:22:32,/Users/blakenicholson/Dropbox/Ableton Projects/4_Finished Projects/UNRELEASED/zeno - freq a leq Project/zeno - freq a leq.als
zeno - illigal (pull up like edit).als,2018-01-13 12:46:52,2016-03-04 17:49:19,/Users/blakenicholson/Dropbox/Ableton Projects/4_Finished Projects/UNRELEASED/zeno - freq a leq Project/zeno - illigal (pull up like edit).als
zeno - megan leukos rmx.als,2016-10-21 20:44:43,2015-06-11 17:09:18,/Users/blakenicholson/Dropbox/Ableton Projects/4_Finished Projects/UNRELEASED/zeno - megan leukos rmx Project/zeno - megan leukos rmx.als
zeno - ONWE - jk bb.als,2018-02-04 09:42:06,2015-07-13 22:51:16,/Users/blakenicholson/Dropbox/Ableton Projects/4_Finished Projects/UNRELEASED/zeno - ONWE - jk bb Project/zeno - ONWE - jk bb.als
Zenojim - Astronomar + Sinden Bondye Edit.als,2015-09-07 02:31:04,2015-03-14 22:26:09,/Users/blakenicholson/Dropbox/Ableton Projects/4_Finished Projects/UNRELEASED/Zenojim - Astronomar + Sinden Bondye Edit Project/Zenojim - Astronomar + Sinden Bondye Edit.als
Zenojim - Atrium.als,2015-05-07 19:31:42,2015-02-21 19:52:31,/Users/blakenicholson/Dropbox/Ableton Projects/4_Finished Projects/UNRELEASED/Zenojim - Atrium Project/Zenojim - Atrium.als
Zenojim - Corro.als,2017-09-09 13:32:42,2015-04-14 15:46:17,/Users/blakenicholson/Dropbox/Ableton Projects/4_Finished Projects/UNRELEASED/Zenojim - Corro Project/Zenojim - Corro.als
Zenojim - Ringgs (4x4 edit).als,2017-01-07 10:15:00,2015-04-07 16:01:57,/Users/blakenicholson/Dropbox/Ableton Projects/4_Finished Projects/UNRELEASED/Zenojim - Ringgs Project/Zenojim - Ringgs (4x4 edit).als
Zenojim - Ringgs.als,2016-05-25 18:42:00,2014-09-07 02:53:49,/Users/blakenicholson/Dropbox/Ableton Projects/4_Finished Projects/UNRELEASED/Zenojim - Ringgs Project/Zenojim - Ringgs.als
Zenojim - VerticleSunset.als,2017-11-04 00:41:13,2014-10-26 15:42:25,/Users/blakenicholson/Dropbox/Ableton Projects/4_Finished Projects/UNRELEASED/Zenojim - VerticleSunset Project/Zenojim - VerticleSunset.als
Zenojim x Leukos - Thankful.als,2017-02-13 21:49:37,2015-01-11 19:05:06,/Users/blakenicholson/Dropbox/Ableton Projects/4_Finished Projects/UNRELEASED/Zenojim x Leukos - Thankful Project/Zenojim x Leukos - Thankful.als
virtuaXZenojim - LSP.als,2017-11-04 00:36:19,2015-01-08 22:11:35,/Users/blakenicholson/Dropbox/Ableton Projects/4_Finished Projects/virtuaXZenojim - LSP Project/virtuaXZenojim - LSP.als
virtuaXZenojim.als,2015-01-08 22:04:56,2015-01-08 13:27:07,/Users/blakenicholson/Dropbox/Ableton Projects/4_Finished Projects/virtuaXZenojim - LSP Project/virtuaXZenojim.als
zeno - bubbleBaff.als,2017-12-05 22:45:37,2016-04-17 01:53:03,/Users/blakenicholson/Dropbox/Ableton Projects/4_Finished Projects/zeno - bubbleBaff Project/zeno - bubbleBaff.als
zeno - bubbleBaff.bounced.als,2018-02-04 08:29:40,2017-12-06 08:40:09,/Users/blakenicholson/Dropbox/Ableton Projects/4_Finished Projects/zeno - bubbleBaff Project/zeno - bubbleBaff.bounced.als
26-Operator.als,2016-01-03 20:44:44,2016-01-03 20:44:44,/Users/blakenicholson/Dropbox/Ableton Projects/4_Finished Projects/zeno - mstk nah or nah remix v1 Project/26-Operator.als
28-Operator.als,2016-01-03 20:45:01,2016-01-03 20:45:01,/Users/blakenicholson/Dropbox/Ableton Projects/4_Finished Projects/zeno - mstk nah or nah remix v1 Project/28-Operator.als
zeno - mstk nah or nah remix v1.als,2016-01-03 20:41:26,2015-10-23 19:24:20,/Users/blakenicholson/Dropbox/Ableton Projects/4_Finished Projects/zeno - mstk nah or nah remix v1 Project/zeno - mstk nah or nah remix v1.als
zeno - mstk nah or nah remix v2(bounced).als,2017-09-30 22:52:20,2016-01-13 21:43:25,/Users/blakenicholson/Dropbox/Ableton Projects/4_Finished Projects/zeno - mstk nah or nah remix v1 Project/zeno - mstk nah or nah remix v2(bounced).als
zeno - mstk nah or nah remix v2.als,2016-01-13 21:32:49,2015-10-23 19:28:29,/Users/blakenicholson/Dropbox/Ableton Projects/4_Finished Projects/zeno - mstk nah or nah remix v1 Project/zeno - mstk nah or nah remix v2.als
zeno - nimbusChamber.als,2018-02-04 08:52:53,2017-01-05 17:46:27,/Users/blakenicholson/Dropbox/Ableton Projects/4_Finished Projects/zeno - nimbusChamber Project/zeno - nimbusChamber.als
zeno - sereneSpaces.als,2018-02-16 17:22:35,2016-12-04 23:36:37,/Users/blakenicholson/Dropbox/Ableton Projects/4_Finished Projects/zeno - sereneSpaces Project/zeno - sereneSpaces.als
zeno - spring blossom.als,2017-12-05 22:38:06,2016-04-17 13:16:50,/Users/blakenicholson/Dropbox/Ableton Projects/4_Finished Projects/zeno - spring blossom Project/zeno - spring blossom.als
zeno - unsynced receiver.als,2017-02-17 18:48:18,2016-02-27 14:34:27,/Users/blakenicholson/Dropbox/Ableton Projects/4_Finished Projects/zeno - unsynced receiver Project/zeno - unsynced receiver.als
zeno x junior psl - BASEBALL.als,2017-12-09 11:50:37,2017-07-22 12:37:09,/Users/blakenicholson/Dropbox/Ableton Projects/4_Finished Projects/zeno - unsynced receiver Project/zeno x junior psl - BASEBALL.als
zeno x bce - justivious - bounced.als,2016-12-12 18:42:16,2015-11-27 19:34:23,/Users/blakenicholson/Dropbox/Ableton Projects/4_Finished Projects/zeno x bce - justivious Project/zeno x bce - justivious - bounced.als
zeno x bce - justivious.als,2018-01-12 22:50:14,2015-11-27 19:32:43,/Users/blakenicholson/Dropbox/Ableton Projects/4_Finished Projects/zeno x bce - justivious Project/zeno x bce - justivious.als
zeno x chester x virtua vice - cheezit.als,2018-02-04 09:11:26,2015-11-25 21:08:48,/Users/blakenicholson/Dropbox/Ableton Projects/4_Finished Projects/zeno x chester x virtua vice - cheezit Project/zeno x chester x virtua vice - cheezit.als
Zenojim - BoutToTurnItOut.dub.als,2016-12-12 01:19:48,2015-01-14 18:24:03,/Users/blakenicholson/Dropbox/Ableton Projects/4_Finished Projects/Zenojim - BoutToTurnItOutRemix Project/Zenojim - BoutToTurnItOut.dub.als
Zenojim - BoutToTurnItOutRemix.als,2017-02-15 19:03:28,2014-10-04 17:53:51,/Users/blakenicholson/Dropbox/Ableton Projects/4_Finished Projects/Zenojim - BoutToTurnItOutRemix Project/Zenojim - BoutToTurnItOutRemix.als
Zenojim - BoutToTurnItOutRemix.leukos.als,2014-10-22 23:24:57,2014-10-22 23:05:57,/Users/blakenicholson/Dropbox/Ableton Projects/4_Finished Projects/Zenojim - BoutToTurnItOutRemix Project/Zenojim - BoutToTurnItOutRemix.leukos.als
Zenojim - Brainless.als,2015-03-14 21:51:55,2015-02-22 01:35:46,/Users/blakenicholson/Dropbox/Ableton Projects/4_Finished Projects/Zenojim - Brainless Project/Zenojim - Brainless.als
Zenojim - Cook (Juke).als,2018-01-13 13:12:20,2014-10-26 15:18:27,/Users/blakenicholson/Dropbox/Ableton Projects/4_Finished Projects/Zenojim - Cook (Juke) Project/Zenojim - Cook (Juke).als
Zenojim - FireBurningSeanKingston.als,2018-02-14 21:51:33,2015-02-22 01:51:26,/Users/blakenicholson/Dropbox/Ableton Projects/4_Finished Projects/Zenojim - FireBurningSeanKingston Project/Zenojim - FireBurningSeanKingston.als
zenojim - pavlovian response.als,2018-02-04 09:05:41,2017-11-03 23:55:24,/Users/blakenicholson/Dropbox/Ableton Projects/4_Finished Projects/zenojim - pavlovian response Project/zenojim - pavlovian response.als
Zenojim - Util.als,2018-02-04 09:06:53,2015-05-19 02:00:47,/Users/blakenicholson/Dropbox/Ableton Projects/4_Finished Projects/Zenojim - Util Project/Zenojim - Util.als
Zenojim - VHS.als,2017-11-04 00:56:31,2014-11-30 14:12:20,/Users/blakenicholson/Dropbox/Ableton Projects/4_Finished Projects/Zenojim - VHS Project/Zenojim - VHS.als
zero - we wish u a merry xmas.als,2018-02-04 09:09:03,2016-12-25 14:55:53,/Users/blakenicholson/Dropbox/Ableton Projects/4_Finished Projects/zero - we wish u a merry xmas Project/zero - we wish u a merry xmas.als
Neuro - 4:29:2012#2.als,2012-08-16 19:07:48,2012-08-16 19:07:48,/Users/blakenicholson/Dropbox/Ableton Projects/Neuro - 4:29:2012#2 Project/Neuro - 4:29:2012#2.als
zeno + bce - blue caeser.als,2017-06-10 02:17:42,2017-04-29 21:42:36,/Users/blakenicholson/Dropbox/Ableton Projects/zeno + bce - blue caeser Project/zeno + bce - blue caeser.als
zeno - ClementineNightmare.als,2017-12-16 11:07:37,2017-10-26 18:15:15,/Users/blakenicholson/Dropbox/Ableton Projects/zeno - ClementineNightmare Project/zeno - ClementineNightmare.als
zeno - daily things.als,2017-06-18 01:05:23,2017-03-18 18:58:03,/Users/blakenicholson/Dropbox/Ableton Projects/zeno - daily things Project/zeno - daily things.als
zeno - dance girl.als,2017-09-30 22:24:04,2017-01-05 20:04:09,/Users/blakenicholson/Dropbox/Ableton Projects/zeno - dance girl Project/zeno - dance girl.als
zeno - frenx.als,2017-03-25 21:03:51,2017-03-25 20:57:50,/Users/blakenicholson/Dropbox/Ableton Projects/zeno - frenx Project/zeno - frenx.als
zeno - imposter unix.als,2018-02-18 13:18:05,2017-11-17 09:15:55,/Users/blakenicholson/Dropbox/Ableton Projects/zeno - imposter unix Project/zeno - imposter unix.als
Zeno - Liveset.als,2018-01-08 18:02:14,2018-01-08 18:02:14,/Users/blakenicholson/Dropbox/Ableton Projects/Zeno - Liveset Project/Zeno - Liveset.als
zeno - seno-1.als,2017-12-05 22:33:46,2017-10-14 17:08:20,/Users/blakenicholson/Dropbox/Ableton Projects/zeno - seno-1 Project/zeno - seno-1.als
zeno - winterRiff1.als,2018-01-12 22:22:02,2018-01-11 20:20:08,/Users/blakenicholson/Dropbox/Ableton Projects/zeno - winterRiff1 Project/zeno - winterRiff1.als
zeno - winterRiff2.als,2018-02-14 21:38:25,2018-01-11 20:33:25,/Users/blakenicholson/Dropbox/Ableton Projects/zeno - winterRiff2 Project/zeno - winterRiff2.als
ZENOJIM - HELOHOUSE.als,2016-02-21 01:28:13,2016-02-21 01:28:13,/Users/blakenicholson/Dropbox/Ableton Projects/ZENOJIM - HELOHOUSE Project/ZENOJIM - HELOHOUSE.als
Zenojim - Kush Soda.als,2017-03-11 10:20:07,2015-04-21 01:08:01,/Users/blakenicholson/Dropbox/Ableton Projects/Zenojim - Kush Soda Project/Zenojim - Kush Soda.als
